Start;Duration
3297.368088;0.013
3299.761489;2.808
10077.894953;0.005
10080.520144;3.4
