Start;Duration
1375.592834;0.014
1377.842159;2.854
8261.638229;0.008
8264.362181;3.442
